{"cameraMode":{"drawMode":0,"name":"Shaded","section":"Shading Mode"},"sceneLighting":true,"audioPlay":false,"sceneViewState":{"showFog":true,"showMaterialUpdate":false,"showSkybox":true,"showFlares":true,"showImageEffects":true,"showParticleSystems":true},"in2DMode":false,"pivot":{"x":44.933074951171878,"y":112.31398010253906,"z":79.70014953613281},"rotation":{"x":-0.026642734184861184,"y":-0.5330477952957153,"z":0.016795534640550615,"w":-0.8455010652542114},"size":215.89892578125,"orthographic":true}