{"cameraMode":{"drawMode":0,"name":"Shaded","section":"Shading Mode"},"sceneLighting":true,"audioPlay":false,"sceneViewState":{"showFog":true,"showMaterialUpdate":false,"showSkybox":true,"showFlares":true,"showImageEffects":true,"showParticleSystems":true},"in2DMode":false,"pivot":{"x":32.5699577331543,"y":34.54571533203125,"z":82.24574279785156},"rotation":{"x":-0.16631022095680238,"y":-0.4926306903362274,"z":0.0965314507484436,"w":-0.8487290740013123},"size":175.52825927734376,"orthographic":true}