{"cameraMode":{"drawMode":0,"name":"Shaded","section":"Shading Mode"},"sceneLighting":false,"audioPlay":false,"sceneViewState":{"showFog":true,"showMaterialUpdate":false,"showSkybox":true,"showFlares":true,"showImageEffects":true,"showParticleSystems":true},"in2DMode":false,"pivot":{"x":0.09000015258789063,"y":142.89651489257813,"z":-22.454011917114259},"rotation":{"x":-0.020058803260326387,"y":-0.7100014090538025,"z":0.020240463316440584,"w":-0.703626275062561},"size":21.595598220825197,"orthographic":true}