{"cameraMode":{"drawMode":0,"name":"Shaded","section":"Shading Mode"},"sceneLighting":false,"audioPlay":false,"sceneViewState":{"showFog":true,"showMaterialUpdate":false,"showSkybox":true,"showFlares":true,"showImageEffects":true,"showParticleSystems":true},"in2DMode":false,"pivot":{"x":0.19628381729125977,"y":142.44491577148438,"z":-16.540599822998048},"rotation":{"x":0.28787338733673098,"y":0.42007774114608767,"z":0.1424809992313385,"w":-0.848743200302124},"size":29.683870315551759,"orthographic":true}