{"cameraMode":{"drawMode":0,"name":"Shaded","section":"Shading Mode"},"sceneLighting":false,"audioPlay":false,"sceneViewState":{"showFog":true,"showMaterialUpdate":false,"showSkybox":true,"showFlares":true,"showImageEffects":true,"showParticleSystems":true},"in2DMode":false,"pivot":{"x":0.00869607925415039,"y":0.2012616991996765,"z":-0.00023370981216430664},"rotation":{"x":0.4797912836074829,"y":-0.2980922758579254,"z":0.17747120559215547,"w":0.8058850765228272},"size":8.864837646484375,"orthographic":false}