{"cameraMode":{"drawMode":0,"name":"Shaded","section":"Shading Mode"},"sceneLighting":false,"audioPlay":false,"sceneViewState":{"showFog":true,"showMaterialUpdate":false,"showSkybox":true,"showFlares":true,"showImageEffects":true,"showParticleSystems":true},"in2DMode":false,"pivot":{"x":6.979761600494385,"y":7.1908278465271,"z":0.9618606567382813},"rotation":{"x":-0.0848672166466713,"y":-0.8364722728729248,"z":0.13541606068611146,"w":-0.5241985321044922},"size":91.38439178466797,"orthographic":true}