{"cameraMode":{"drawMode":0,"name":"Shaded","section":"Shading Mode"},"sceneLighting":false,"audioPlay":false,"sceneViewState":{"showFog":true,"showMaterialUpdate":false,"showSkybox":true,"showFlares":true,"showImageEffects":true,"showParticleSystems":true},"in2DMode":false,"pivot":{"x":-4.197895526885986,"y":51.72214889526367,"z":-4.197891712188721},"rotation":{"x":0.02356834150850773,"y":-0.3814525604248047,"z":0.009728861972689629,"w":0.9240402579307556},"size":184.9317626953125,"orthographic":false}