{"cameraMode":{"drawMode":0,"name":"Shaded","section":"Shading Mode"},"sceneLighting":false,"audioPlay":false,"sceneViewState":{"showFog":true,"showMaterialUpdate":false,"showSkybox":true,"showFlares":true,"showImageEffects":true,"showParticleSystems":true},"in2DMode":false,"pivot":{"x":-0.011235713958740235,"y":-0.8293408155441284,"z":0.0012589097023010254},"rotation":{"x":0.4797912836074829,"y":-0.2980922758579254,"z":0.17747120559215547,"w":0.8058850765228272},"size":8.561371803283692,"orthographic":false}