{"cameraMode":{"drawMode":0,"name":"Shaded","section":"Shading Mode"},"sceneLighting":false,"audioPlay":false,"sceneViewState":{"showFog":true,"showMaterialUpdate":false,"showSkybox":true,"showFlares":true,"showImageEffects":true,"showParticleSystems":true},"in2DMode":false,"pivot":{"x":-7.707578659057617,"y":81.86103057861328,"z":-14.510400772094727},"rotation":{"x":-0.28582000732421877,"y":-0.5264268517494202,"z":0.1936524510383606,"w":-0.7769700884819031},"size":152.01271057128907,"orthographic":true}