{"cameraMode":{"drawMode":0,"name":"Shaded","section":"Shading Mode"},"sceneLighting":false,"audioPlay":false,"sceneViewState":{"showFog":true,"showMaterialUpdate":false,"showSkybox":true,"showFlares":true,"showImageEffects":true,"showParticleSystems":true},"in2DMode":false,"pivot":{"x":1.4901161193847657e-8,"y":0.0,"z":-1.4901161193847657e-8},"rotation":{"x":-0.010077958926558495,"y":-0.9865211844444275,"z":0.14909815788269044,"w":-0.06668198108673096},"size":1.7147303819656373,"orthographic":false}