{"cameraMode":{"drawMode":0,"name":"Shaded","section":"Shading Mode"},"sceneLighting":false,"audioPlay":false,"sceneViewState":{"showFog":true,"showMaterialUpdate":false,"showSkybox":true,"showFlares":true,"showImageEffects":true,"showParticleSystems":true},"in2DMode":false,"pivot":{"x":638.074951171875,"y":14.086700439453125,"z":-59.58624267578125},"rotation":{"x":0.02356834150850773,"y":-0.3814525604248047,"z":0.009728861972689629,"w":0.9240402579307556},"size":850.998779296875,"orthographic":false}