{"cameraMode":{"drawMode":0,"name":"Shaded","section":"Shading Mode"},"sceneLighting":false,"audioPlay":false,"sceneViewState":{"showFog":true,"showMaterialUpdate":false,"showSkybox":true,"showFlares":true,"showImageEffects":true,"showParticleSystems":true},"in2DMode":false,"pivot":{"x":12.149998664855957,"y":-0.00030517578125,"z":0.0},"rotation":{"x":0.02356834150850773,"y":-0.3814525604248047,"z":0.009728861972689629,"w":0.9240402579307556},"size":351.2597961425781,"orthographic":false}