{"cameraMode":{"drawMode":0,"name":"Shaded","section":"Shading Mode"},"sceneLighting":false,"audioPlay":false,"sceneViewState":{"showFog":true,"showMaterialUpdate":false,"showSkybox":true,"showFlares":true,"showImageEffects":true,"showParticleSystems":true},"in2DMode":false,"pivot":{"x":0.029365062713623048,"y":1.8700480461120606,"z":0.8450584411621094},"rotation":{"x":0.011930583044886589,"y":0.10778562724590302,"z":-0.0012868853518739343,"w":0.9941117167472839},"size":37.57319641113281,"orthographic":true}