{"cameraMode":{"drawMode":0,"name":"Shaded","section":"Shading Mode"},"sceneLighting":false,"audioPlay":false,"sceneViewState":{"showFog":true,"showMaterialUpdate":false,"showSkybox":true,"showFlares":true,"showImageEffects":true,"showParticleSystems":true},"in2DMode":false,"pivot":{"x":995.1963500976563,"y":105.23474884033203,"z":-0.000301361083984375},"rotation":{"x":0.02356834150850773,"y":-0.3814525604248047,"z":0.009728861972689629,"w":0.9240402579307556},"size":259.2200622558594,"orthographic":false}